City_ID,City,Country,Date,Lat,Lng,Max Temp,Humidity,Cloudiness,Wind Speed
0,Naze,JP,2022-07-10 23:06:18,28.3667,129.4833,300.16,83,15,15
1,Butaritari,KI,2022-07-10 23:06:19,3.0707,172.7902,301.12,79,18,18
2,Ulladulla,AU,2022-07-10 23:06:19,-35.35,150.4667,284.28,85,49,49
3,Olinda,BR,2022-07-10 23:05:10,-8.0089,-34.8553,299.0,69,40,40
4,Hobart,AU,2022-07-10 23:06:20,-42.8794,147.3294,283.85,79,75,75
5,Ushuaia,AR,2022-07-10 23:06:20,-54.8,-68.3,271.96,80,20,20
6,Bluff,NZ,2022-07-10 23:06:20,-46.6,168.3333,275.82,75,64,64
7,Thinadhoo,MV,2022-07-10 23:06:21,0.5333,72.9333,301.12,76,100,100
8,Madimba,TZ,2022-07-10 23:06:21,-10.4,40.3333,293.45,87,7,7
9,Albany,US,2022-07-10 23:06:22,42.6001,-73.9662,299.74,40,55,55
10,Callaway,US,2022-07-10 23:06:22,30.153,-85.5699,302.58,83,99,99
11,Rikitea,PF,2022-07-10 23:04:34,-23.1203,-134.9692,296.07,76,10,10
12,Cape Town,ZA,2022-07-10 23:06:23,-33.9258,18.4232,285.58,89,16,16
13,Avarua,CK,2022-07-10 23:06:23,-21.2078,-159.775,298.18,47,40,40
14,Coquimbo,CL,2022-07-10 23:03:17,-29.9533,-71.3436,285.92,90,99,99
15,Ponta Do Sol,PT,2022-07-10 23:06:24,32.6667,-17.1,295.5,75,8,8
16,Santa Vitoria Do Palmar,BR,2022-07-10 23:06:24,-33.5189,-53.3681,290.94,91,17,17
17,Rocha,UY,2022-07-10 23:06:25,-34.4833,-54.3333,291.9,89,96,96
18,Tuktoyaktuk,CA,2022-07-10 23:03:18,69.4541,-133.0374,284.15,93,100,100
19,Cabo San Lucas,MX,2022-07-10 23:06:26,22.8909,-109.9124,310.76,29,0,0
20,Calamar,CO,2022-07-10 23:06:26,10.2511,-74.9146,300.88,85,100,100
21,Barrow,US,2022-07-10 23:06:26,71.2906,-156.7887,289.16,67,0,0
22,Port Alfred,ZA,2022-07-10 23:06:27,-33.5906,26.891,287.56,79,71,71
23,Kineshma,RU,2022-07-10 23:06:27,57.4391,42.1289,289.94,89,19,19
24,Lanxi,CN,2022-07-10 23:06:28,29.2195,119.477,302.48,79,99,99
25,Grindavik,IS,2022-07-10 23:06:28,63.8424,-22.4338,283.41,100,100,100
26,Tasiilaq,GL,2022-07-10 23:06:29,65.6145,-37.6368,280.24,77,44,44
27,Puerto Ayora,EC,2022-07-10 23:03:05,-0.7393,-90.3518,295.12,91,60,60
28,Bredasdorp,ZA,2022-07-10 23:06:29,-34.5322,20.0403,282.31,82,47,47
29,Kamaishi,JP,2022-07-10 23:06:30,39.2667,141.8833,297.25,87,67,67
30,Port Elizabeth,ZA,2022-07-10 23:04:32,-33.918,25.5701,286.1,93,27,27
31,Codrington,AU,2022-07-10 23:06:31,-38.2667,141.9667,282.79,63,100,100
32,Punta Arenas,CL,2022-07-10 23:06:31,-53.15,-70.9167,271.21,86,20,20
33,Coromandel,BR,2022-07-10 23:06:31,-18.4733,-47.2003,290.18,53,2,2
34,Henties Bay,NA,2022-07-10 23:06:32,-22.116,14.2845,285.61,90,0,0
35,Busselton,AU,2022-07-10 23:06:32,-33.65,115.3333,285.7,64,93,93
36,Rio Gallegos,AR,2022-07-10 23:04:37,-51.6226,-69.2181,264.18,86,0,0
37,Fortuna,US,2022-07-10 23:06:33,40.5982,-124.1573,295.89,69,20,20
38,Saint-Philippe,RE,2022-07-10 23:06:34,-21.3585,55.7679,291.6,78,40,40
39,Alekseyevsk,RU,2022-07-10 23:06:34,57.8406,108.3492,289.78,72,85,85
40,Faya,SA,2022-07-10 23:06:35,18.3851,42.4509,292.44,37,91,91
41,Saldanha,ZA,2022-07-10 23:06:35,-33.0117,17.9442,285.99,75,58,58
42,Zhangjiakou,CN,2022-07-10 23:06:35,40.81,114.8794,294.8,65,12,12
43,Rio Grande,BR,2022-07-10 23:06:36,-32.035,-52.0986,293.21,87,90,90
44,Leningradskiy,RU,2022-07-10 23:06:36,69.3833,178.4167,276.77,85,100,100
45,Pitimbu,BR,2022-07-10 23:06:37,-7.4706,-34.8086,297.48,79,9,9
46,Atuona,PF,2022-07-10 23:06:37,-9.8,-139.0333,298.23,79,40,40
47,Nuuk,GL,2022-07-10 23:07:38,64.1835,-51.7216,278.64,87,75,75
48,Bengkulu,ID,2022-07-10 23:07:38,-3.8004,102.2655,296.38,89,87,87
49,Severo-Kurilsk,RU,2022-07-10 23:07:39,50.6789,156.125,289.35,76,100,100
50,Otukpo,NG,2022-07-10 23:07:40,7.1913,8.1329,295.02,96,66,66
51,Iqaluit,CA,2022-07-10 23:07:40,63.7506,-68.5145,276.9,81,76,76
52,Hilo,US,2022-07-10 23:07:40,19.7297,-155.09,302.19,85,100,100
53,Khatanga,RU,2022-07-10 23:07:41,71.9667,102.5,281.33,59,79,79
54,Tukrah,LY,2022-07-10 23:07:42,32.5341,20.5791,298.03,63,1,1
55,Chicama,PE,2022-07-10 23:07:42,-7.8447,-79.1469,289.45,75,47,47
56,Sohbatpur,PK,2022-07-10 23:07:43,28.5202,68.5434,306.08,60,87,87
57,Coihaique,CL,2022-07-10 23:07:43,-45.5752,-72.0662,271.12,86,75,75
58,Inhambane,MZ,2022-07-10 23:07:43,-23.865,35.3833,292.57,76,0,0
59,Hamilton,US,2022-07-10 23:06:24,39.1834,-84.5333,303.12,55,40,40
60,Jamestown,US,2022-07-10 23:06:00,42.097,-79.2353,299.27,28,0,0
61,Nikolskoye,RU,2022-07-10 23:07:45,59.7035,30.7861,287.09,98,44,44
62,Belmonte,BR,2022-07-10 23:07:45,-15.8631,-38.8828,295.51,77,6,6
63,Bagdarin,RU,2022-07-10 23:07:46,54.4333,113.6,285.57,84,89,89
64,Tyukalinsk,RU,2022-07-10 23:07:46,55.8732,72.1967,291.42,92,70,70
65,Vaini,TO,2022-07-10 23:07:46,-21.2,-175.2,297.24,80,69,69
66,Kampene,CD,2022-07-10 23:07:47,-3.6,26.6667,293.98,55,25,25
67,Matias Romero,MX,2022-07-10 23:07:47,16.8833,-95.0333,301.53,74,72,72
68,Golkoy,TR,2022-07-10 23:07:48,40.6875,37.6178,290.82,97,82,82
69,Muroto,JP,2022-07-10 23:07:48,33.2833,134.15,299.28,83,86,86
70,Richards Bay,ZA,2022-07-10 23:07:48,-28.783,32.0377,290.39,51,0,0
71,Fatehpur,IN,2022-07-10 23:07:49,25.9333,80.8,305.86,47,7,7
72,Provideniya,RU,2022-07-10 23:07:49,64.3833,-173.3,285.21,82,75,75
73,Puerto Carreno,CO,2022-07-10 23:07:50,6.189,-67.4859,299.52,84,75,75
74,Nome,US,2022-07-10 23:07:50,64.5011,-165.4064,293.8,67,0,0
75,Boca Do Acre,BR,2022-07-10 23:07:51,-8.7522,-67.3978,300.74,65,87,87
76,Kavaratti,IN,2022-07-10 23:07:51,10.5669,72.642,300.56,81,100,100
77,Pevek,RU,2022-07-10 23:07:52,69.7008,170.3133,274.05,84,72,72
78,Hermanus,ZA,2022-07-10 23:07:52,-34.4187,19.2345,281.37,72,51,51
79,Mwanza,TZ,2022-07-10 23:07:53,-2.5167,32.9,295.22,45,87,87
80,Hervey Bay,AU,2022-07-10 23:07:53,-25.2986,152.8535,287.43,72,2,2
81,Hay River,CA,2022-07-10 23:07:54,60.8156,-115.7999,292.69,57,87,87
82,Airai,TL,2022-07-10 23:07:54,-8.9266,125.4092,287.23,86,88,88
83,Kapaa,US,2022-07-10 23:07:54,22.0752,-159.319,302.33,70,40,40
84,Ribeira Grande,PT,2022-07-10 23:07:55,38.5167,-28.7,292.82,80,15,15
85,Wapi Pathum,TH,2022-07-10 23:07:55,15.8452,103.3768,299.44,91,98,98
86,Grand Gaube,MU,2022-07-10 23:07:56,-20.0064,57.6608,294.47,64,79,79
87,Kawalu,ID,2022-07-10 23:07:56,-7.3817,108.2082,293.28,96,76,76
88,Katsuura,JP,2022-07-10 23:07:56,35.1333,140.3,298.74,83,4,4
89,Dorokhovo,RU,2022-07-10 23:07:57,55.5506,36.3744,289.83,98,99,99
90,Mareeba,AU,2022-07-10 23:07:57,-17.0,145.4333,291.2,73,8,8
91,Upernavik,GL,2022-07-10 23:08:58,72.7868,-56.1549,277.02,84,47,47
92,San Joaquin,US,2022-07-10 23:08:59,37.9333,-121.3011,311.78,19,0,0
93,Tura,IN,2022-07-10 23:08:59,25.5198,90.2201,296.89,94,88,88
94,Kargasok,RU,2022-07-10 23:09:00,59.0556,80.8572,287.29,73,44,44
95,Alofi,NU,2022-07-10 23:08:09,-19.0595,-169.9187,298.0,75,94,94
96,Kuchinarai,TH,2022-07-10 23:09:01,16.541,104.05,297.19,96,98,98
97,Port Hedland,AU,2022-07-10 23:09:01,-20.3167,118.5667,283.18,57,2,2
98,Seddon,AU,2022-07-10 23:09:02,-37.8068,144.8916,284.08,75,75,75
99,Castro,BR,2022-07-10 23:09:02,-24.7911,-50.0119,287.06,77,5,5
100,Slidell,US,2022-07-10 23:05:18,30.2752,-89.7812,304.18,75,40,40
101,Kavieng,PG,2022-07-10 23:09:03,-2.5744,150.7967,301.7,73,57,57
102,Biltine,TD,2022-07-10 23:09:03,14.5333,20.9167,304.82,18,51,51
103,Sitka,US,2022-07-10 23:06:06,57.0531,-135.33,290.09,55,100,100
104,Les Cayes,HT,2022-07-10 23:09:04,18.2,-73.75,300.7,76,99,99
105,Pasvalys,LT,2022-07-10 23:09:05,56.0594,24.4036,284.02,88,1,1
106,Lebu,CL,2022-07-10 23:09:05,-37.6167,-73.65,281.52,84,6,6
107,Kirakira,SB,2022-07-10 23:09:06,-10.4544,161.9205,301.57,72,24,24
108,Vardo,NO,2022-07-10 23:08:10,70.3705,31.1107,283.14,93,100,100
109,Touros,BR,2022-07-10 23:09:07,-5.1989,-35.4608,297.41,83,9,9
110,Miraflores,MX,2022-07-10 23:09:07,19.2167,-98.8083,298.72,57,74,74
111,Los Llanos De Aridane,ES,2022-07-10 23:09:08,28.6585,-17.9182,293.01,88,0,0
112,New Norfolk,AU,2022-07-10 23:09:08,-42.7826,147.0587,283.66,79,100,100
113,Zdvinsk,RU,2022-07-10 23:09:09,54.7021,78.661,293.24,79,87,87
114,Lasa,IT,2022-07-10 23:09:09,46.6166,10.7002,287.98,88,12,12
115,Luderitz,NA,2022-07-10 23:09:10,-26.6481,15.1594,286.29,75,0,0
116,Carutapera,BR,2022-07-10 23:09:10,-1.195,-46.02,297.1,92,85,85
117,Chokurdakh,RU,2022-07-10 23:09:11,70.6333,147.9167,293.35,41,97,97
118,Aksu,CN,2022-07-10 23:09:11,41.1231,80.2644,296.38,37,89,89
119,Abha,SA,2022-07-10 23:09:12,18.2164,42.5053,292.29,68,20,20
120,Umm Kaddadah,SD,2022-07-10 23:09:12,13.6017,26.6876,303.74,45,82,82
121,Poum,NC,2022-07-10 23:09:13,-20.2333,164.0167,298.13,84,2,2
122,Norilsk,RU,2022-07-10 23:09:13,69.3535,88.2027,281.72,59,22,22
123,Husavik,IS,2022-07-10 23:09:14,66.0449,-17.3389,284.62,96,100,100
124,East London,ZA,2022-07-10 23:09:06,-33.0153,27.9116,288.97,66,70,70
125,Lorengau,PG,2022-07-10 23:09:14,-2.0226,147.2712,302.12,66,79,79
126,Bambous Virieux,MU,2022-07-10 23:09:15,-20.3428,57.7575,294.38,65,77,77
127,Eganville,CA,2022-07-10 23:09:15,45.5334,-77.0994,296.15,64,100,100
128,Te Anau,NZ,2022-07-10 23:09:15,-45.4167,167.7167,274.78,80,100,100
129,Cidreira,BR,2022-07-10 23:09:16,-30.1811,-50.2056,291.17,86,100,100
130,Beringovskiy,RU,2022-07-10 23:09:16,63.05,179.3167,280.71,90,100,100
131,Dukat,RU,2022-07-10 23:09:17,62.55,155.55,298.78,39,46,46
132,Flin Flon,CA,2022-07-10 23:09:18,54.7682,-101.865,301.72,24,71,71
133,Asau,RO,2022-07-10 23:09:18,46.4333,26.4,287.66,89,69,69
134,Mataura,NZ,2022-07-10 23:09:19,-46.1927,168.8643,275.64,72,66,66
135,Victoria,HK,2022-07-10 23:08:06,22.2855,114.1577,304.24,85,91,91
136,Port Said,EG,2022-07-10 23:09:19,31.2565,32.2841,298.71,70,0,0
137,Qaanaaq,GL,2022-07-10 23:09:20,77.484,-69.3632,279.35,75,100,100
138,Mar Del Plata,AR,2022-07-10 23:10:20,-38.0023,-57.5575,283.76,75,0,0
139,Gizo,SB,2022-07-10 23:10:21,-8.103,156.8419,301.12,68,85,85
140,Camacha,PT,2022-07-10 23:10:21,33.0833,-16.3333,291.83,83,75,75
141,Raha,IN,2022-07-10 23:10:22,26.2333,92.5167,298.81,94,100,100
142,Narsaq,GL,2022-07-10 23:10:22,60.9167,-46.05,285.27,80,8,8
143,San Quintin,MX,2022-07-10 23:10:23,30.4833,-115.95,296.3,65,6,6
144,Dali,CN,2022-07-10 23:07:25,25.7,100.1833,289.77,92,13,13
145,Obidos,BR,2022-07-10 23:10:23,-1.9175,-55.5181,300.32,68,59,59
146,Berbera,SO,2022-07-10 23:10:24,10.4396,45.0143,304.03,41,73,73
147,Muros,ES,2022-07-10 23:10:24,42.7762,-9.0603,290.42,94,17,17
148,Hithadhoo,MV,2022-07-10 23:10:24,-0.6,73.0833,301.11,70,100,100
149,Georgetown,MY,2022-07-10 23:06:25,5.4112,100.3354,301.42,84,20,20
150,Liepaja,LV,2022-07-10 23:10:25,56.5419,21.0367,284.14,100,75,75
151,Thompson,CA,2022-07-10 23:10:26,55.7435,-97.8558,297.78,35,98,98
152,Plettenberg Bay,ZA,2022-07-10 23:10:26,-34.0527,23.3716,286.48,83,92,92
153,Moose Factory,CA,2022-07-10 23:10:27,51.2585,-80.6094,293.14,73,100,100
154,Carnarvon,AU,2022-07-10 23:10:27,-24.8667,113.6333,287.66,69,0,0
155,Shushtar,IR,2022-07-10 23:10:28,32.0455,48.8567,308.08,19,0,0
156,Saint-Ambroise,CA,2022-07-10 23:10:28,48.5501,-71.3324,295.45,60,71,71
157,Srednekolymsk,RU,2022-07-10 23:10:28,67.45,153.6833,295.09,39,32,32
158,Pravia,ES,2022-07-10 23:10:29,43.4906,-6.1508,293.42,88,0,0
159,Conde,BR,2022-07-10 23:10:29,-7.2597,-34.9075,296.85,83,20,20
160,Nanortalik,GL,2022-07-10 23:10:30,60.1432,-45.2371,279.57,84,44,44
161,Ziniare,BF,2022-07-10 23:10:31,12.5822,-1.2983,301.25,62,96,96
162,Bandarbeyla,SO,2022-07-10 23:10:31,9.4942,50.8122,298.0,73,64,64
163,Manzanillo,CU,2022-07-10 23:10:32,20.3433,-77.1167,302.01,74,97,97
164,Matara,LK,2022-07-10 23:10:32,5.9485,80.5353,298.81,85,100,100
165,Ratnagiri,IN,2022-07-10 23:10:33,16.9833,73.3,299.31,85,100,100
166,Arraial Do Cabo,BR,2022-07-10 23:10:33,-22.9661,-42.0278,294.97,83,9,9
167,Armidale,AU,2022-07-10 23:10:33,-30.5167,151.65,280.17,85,78,78
168,Ilulissat,GL,2022-07-10 23:10:34,69.2167,-51.1,279.16,87,100,100
169,Sao Filipe,CV,2022-07-10 23:10:35,14.8961,-24.4956,296.36,85,17,17
170,Pacific Grove,US,2022-07-10 23:10:35,36.6177,-121.9166,299.95,80,0,0
171,Solnechnyy,RU,2022-07-10 23:10:36,50.7214,136.6319,297.12,60,36,36
172,Padang,ID,2022-07-10 23:10:36,-0.9492,100.3543,297.18,85,99,99
173,Natal,BR,2022-07-10 23:10:36,-5.795,-35.2094,297.51,88,20,20
174,Bathsheba,BB,2022-07-10 23:10:37,13.2167,-59.5167,301.49,89,20,20
175,Namatanai,PG,2022-07-10 23:10:37,-3.6667,152.4333,301.6,70,62,62
176,Mehamn,NO,2022-07-10 23:10:38,71.0357,27.8492,285.12,87,99,99
177,Cockburn Town,TC,2022-07-10 23:10:38,21.4612,-71.1419,301.13,74,40,40
178,Kaitangata,NZ,2022-07-10 23:10:39,-46.2817,169.8464,279.74,73,58,58
179,Raudeberg,NO,2022-07-10 23:11:40,61.9875,5.1352,284.52,75,94,94
180,Port Keats,AU,2022-07-10 23:11:40,-14.25,129.55,289.67,41,32,32
181,Norman Wells,CA,2022-07-10 23:11:41,65.282,-126.8329,302.64,24,46,46
182,Toamasina,MG,2022-07-10 23:11:41,-18.1667,49.3833,292.7,86,89,89
183,Goderich,CA,2022-07-10 23:11:42,43.7501,-81.7165,293.66,63,1,1
184,Ngerengere,TZ,2022-07-10 23:09:14,-6.75,38.1167,290.75,95,58,58
185,Taoudenni,ML,2022-07-10 23:11:42,22.6783,-3.9836,311.34,9,1,1
186,Livingston,GB,2022-07-10 23:07:25,55.9029,-3.5226,289.34,82,0,0
187,Kimberley,ZA,2022-07-10 23:11:25,-28.7323,24.7623,279.99,72,4,4
188,Bethel,US,2022-07-10 23:11:43,41.3712,-73.414,299.82,50,0,0
189,Presidencia Roque Saenz Pena,AR,2022-07-10 23:11:44,-26.7852,-60.4388,298.58,46,100,100
190,Cayenne,GF,2022-07-10 23:11:44,4.9333,-52.3333,300.42,1,75,75
191,Praia,CV,2022-07-10 23:11:45,14.9215,-23.5087,297.26,81,32,32
192,Dikson,RU,2022-07-10 23:11:45,73.5069,80.5464,276.45,90,100,100
193,San Lorenzo,PY,2022-07-10 23:11:46,-25.3333,-57.5333,300.67,51,0,0
194,Maragogi,BR,2022-07-10 23:11:46,-9.0122,-35.2225,296.69,80,9,9
195,Bogorodskoye,RU,2022-07-10 23:11:47,56.55,37.8833,290.03,94,90,90
196,Mednogorsk,RU,2022-07-10 23:11:47,51.4128,57.595,290.06,74,11,11
197,Jadu,LY,2022-07-10 23:11:47,31.953,12.0261,291.59,79,0,0
198,Padampur,IN,2022-07-10 23:11:48,29.6833,73.6167,303.39,67,75,75
199,Auki,SB,2022-07-10 23:11:49,-8.7676,160.7034,301.76,67,82,82
200,Ngunguru,NZ,2022-07-10 23:11:49,-35.6167,174.5,288.26,89,100,100
201,Yellowknife,CA,2022-07-10 23:11:29,62.456,-114.3525,288.65,91,100,100
202,Komsomolskiy,UZ,2022-07-10 23:11:50,40.4272,71.7189,296.55,38,32,32
203,Altamira,BR,2022-07-10 23:11:50,-3.2033,-52.2064,298.83,77,97,97
204,San Ignacio,BZ,2022-07-10 23:11:51,17.1561,-89.0714,300.23,78,40,40
205,Morro Bay,US,2022-07-10 23:11:51,35.3658,-120.8499,311.64,49,24,24
206,Acarau,BR,2022-07-10 23:11:52,-2.8856,-40.12,298.41,84,82,82
207,Venado Tuerto,AR,2022-07-10 23:11:52,-33.7456,-61.9688,285.8,30,68,68
208,Nadym,RU,2022-07-10 23:11:53,65.5333,72.5167,284.81,82,9,9
209,Rawson,AR,2022-07-10 23:10:49,-43.3002,-65.1023,278.0,87,100,100
210,Cururupu,BR,2022-07-10 23:11:53,-1.8283,-44.8683,297.04,88,84,84
211,Cherskiy,RU,2022-07-10 23:11:54,68.75,161.3,288.52,39,92,92
212,Talnakh,RU,2022-07-10 23:11:54,69.4865,88.3972,281.6,56,26,26
213,Ahipara,NZ,2022-07-10 23:11:55,-35.1667,173.1667,287.64,91,100,100
214,Palmares Do Sul,BR,2022-07-10 23:11:55,-30.2578,-50.5097,291.59,83,100,100
215,Iquitos,PE,2022-07-10 23:11:56,-3.7481,-73.2472,299.17,89,40,40
216,Tiksi,RU,2022-07-10 23:11:56,71.6872,128.8694,281.48,81,37,37
217,Casma,CL,2022-07-10 23:11:57,-41.0082,-73.1244,279.93,96,100,100
218,Saskylakh,RU,2022-07-10 23:11:57,71.9167,114.0833,280.75,86,100,100
219,Dunedin,NZ,2022-07-10 23:11:57,-45.8742,170.5036,281.37,57,54,54
220,Bitam,GA,2022-07-10 23:11:58,2.076,11.5007,292.06,99,90,90
221,San Juan,AR,2022-07-10 23:11:58,-31.5375,-68.5364,286.41,24,38,38
222,Kuryk,KZ,2022-07-10 23:11:59,43.2,51.65,301.43,27,1,1
223,Carauari,BR,2022-07-10 23:11:59,-4.8828,-66.8958,296.28,97,48,48
224,Jalu,LY,2022-07-10 23:12:00,29.0331,21.5482,301.0,38,0,0
225,Vestmanna,FO,2022-07-10 23:13:00,62.1564,-7.1664,282.66,100,100,100
226,Ulaanbaatar,MN,2022-07-10 23:13:01,47.9077,106.8832,289.22,72,40,40
227,Petropavlovsk-Kamchatskiy,RU,2022-07-10 23:13:01,53.0452,158.6483,299.48,69,40,40
228,Russell,US,2022-07-10 23:11:29,32.3502,-85.1999,305.35,58,0,0
229,Dingle,PH,2022-07-10 23:13:02,10.9995,122.6711,298.77,90,99,99
230,Nyurba,RU,2022-07-10 23:13:03,63.2842,118.3319,290.83,77,24,24
231,Alice Springs,AU,2022-07-10 23:13:03,-23.7,133.8833,271.9,80,0,0
232,Samarai,PG,2022-07-10 23:13:04,-10.6167,150.6667,300.84,71,31,31
233,Blackfoot,US,2022-07-10 23:13:04,43.1905,-112.345,305.96,11,0,0
234,Khanpur,PK,2022-07-10 23:09:51,28.6453,70.6567,307.36,52,96,96
235,Contamana,PE,2022-07-10 23:13:05,-7.3333,-75.0167,301.45,57,74,74
236,Clarence Town,AU,2022-07-10 23:13:05,-32.5833,151.7833,286.4,92,79,79
237,Oranjemund,NA,2022-07-10 23:13:06,-28.55,16.4333,285.12,89,0,0
238,Majene,ID,2022-07-10 23:13:06,-3.5403,118.9707,298.78,87,100,100
239,Qax,AZ,2022-07-10 23:13:07,41.4225,46.9242,295.7,42,0,0
240,Tucuman,AR,2022-07-10 23:13:07,-26.8241,-65.2226,290.15,59,13,13
241,Santa Rosa,PH,2022-07-10 23:13:08,14.3122,121.1114,300.98,89,41,41
242,Chapais,CA,2022-07-10 23:13:08,49.7834,-74.8492,286.86,96,98,98
243,Grand Forks,US,2022-07-10 23:10:15,47.9417,-97.4337,302.0,54,75,75
244,Evensk,RU,2022-07-10 23:13:09,61.95,159.2333,290.59,60,6,6
245,Bubaque,GW,2022-07-10 23:13:09,11.2833,-15.8333,300.28,81,82,82
246,Beyneu,KZ,2022-07-10 23:13:10,45.3167,55.2,300.57,31,0,0
247,Okazaki,JP,2022-07-10 23:13:10,34.95,137.1667,300.81,76,61,61
248,Vila Franca Do Campo,PT,2022-07-10 23:13:11,37.7167,-25.4333,293.81,81,33,33
249,Romny,UA,2022-07-10 23:13:11,50.751,33.4747,289.12,96,100,100
250,Warwick,US,2022-07-10 23:11:07,41.7001,-71.4162,297.9,60,20,20
251,Kruisfontein,ZA,2022-07-10 23:13:12,-34.0033,24.7314,285.31,83,71,71
252,San Cristobal,VE,2022-07-10 23:13:12,7.7669,-72.225,298.25,80,89,89
253,Karratha,AU,2022-07-10 23:13:13,-20.7377,116.8463,290.43,29,0,0
254,Aleppo,SY,2022-07-10 23:13:13,36.25,37.5,295.23,79,0,0
255,Aklavik,CA,2022-07-10 23:13:14,68.2191,-135.0107,299.0,39,61,61
256,Morros,BR,2022-07-10 23:13:14,-9.4467,-46.3003,297.47,38,7,7
257,Batagay-Alyta,RU,2022-07-10 23:13:14,67.8006,130.4114,289.41,59,99,99
258,Teya,RU,2022-07-10 23:13:15,60.3778,92.6267,284.62,78,1,1
259,Hudson Bay,CA,2022-07-10 23:13:15,52.85,-102.3842,298.28,47,79,79
260,Umm Lajj,SA,2022-07-10 23:13:16,25.0213,37.2685,301.82,70,89,89
261,Feijo,BR,2022-07-10 23:13:16,-8.1642,-70.3536,298.84,78,100,100
262,Yanam,IN,2022-07-10 23:13:17,16.7333,82.2167,297.93,82,100,100
263,Mbengwi,CM,2022-07-10 23:13:17,6.0167,10.0,290.61,98,96,96
264,Preston,GB,2022-07-10 23:13:18,53.7667,-2.7167,290.33,91,32,32
265,Yaan,NG,2022-07-10 23:13:18,7.3833,8.5667,295.56,94,80,80
266,Perth,AU,2022-07-10 23:11:14,-31.9333,115.8333,281.58,97,0,0
267,Vossevangen,NO,2022-07-10 23:13:19,60.623,6.4229,284.5,85,94,94
268,Ligayan,PH,2022-07-10 23:13:20,4.6533,119.4706,301.82,69,88,88
269,Kwinana,AU,2022-07-10 23:13:20,-32.25,115.7667,281.67,79,21,21
270,Saint-Pierre,RE,2022-07-10 23:13:21,-21.3393,55.4781,294.21,69,0,0
271,Eqbaliyeh,IR,2022-07-10 23:13:21,35.3022,51.5358,304.05,17,0,0
272,La Libertad,EC,2022-07-10 23:13:22,-2.2333,-80.9,293.96,83,75,75
273,Volchikha,RU,2022-07-10 23:13:22,52.0333,80.3833,290.34,77,7,7
274,Elbistan,TR,2022-07-10 23:14:23,38.2059,37.1983,292.5,72,0,0
275,Bow Island,CA,2022-07-10 23:14:23,49.8668,-111.3684,296.27,41,94,94
276,Nishihara,JP,2022-07-10 23:14:23,26.1842,127.7558,302.75,84,20,20
277,Nove Straseci,CZ,2022-07-10 23:14:24,50.1527,13.9004,286.7,73,99,99
278,Broome,US,2022-07-10 23:14:25,42.2506,-75.833,298.52,46,0,0
279,Kodiak,US,2022-07-10 23:14:25,57.79,-152.4072,291.88,55,20,20
280,Erzurum,TR,2022-07-10 23:14:25,40.0,41.5,283.97,43,0,0
281,Saint-Georges,GD,2022-07-10 23:09:55,12.0564,-61.7485,299.97,83,20,20
282,Korla,CN,2022-07-10 23:14:26,41.7597,86.1469,297.36,31,26,26
283,Belyy Yar,RU,2022-07-10 23:14:26,53.6039,91.3903,289.18,75,0,0
284,San-Pedro,CI,2022-07-10 23:14:27,4.7485,-6.6363,296.8,80,60,60
285,Lazaro Cardenas,MX,2022-07-10 23:14:27,17.9583,-102.2,303.12,67,34,34
286,Golden,US,2022-07-10 23:14:28,39.7555,-105.2211,307.5,28,89,89
287,Verkhnyaya Toyma,RU,2022-07-10 23:14:28,62.2349,44.9985,288.78,96,53,53
288,Birao,CF,2022-07-10 23:14:29,10.2849,22.7882,296.95,78,88,88
289,Dalby,AU,2022-07-10 23:14:29,-27.1833,151.2667,284.16,57,0,0
290,Manaure,CO,2022-07-10 23:14:30,11.7751,-72.4445,303.14,63,100,100
291,Nizwa,OM,2022-07-10 23:14:30,22.9333,57.5333,298.46,94,100,100
292,Hilton Head Island,US,2022-07-10 23:13:06,32.2163,-80.7526,300.36,94,40,40
293,Berlevag,NO,2022-07-10 23:14:31,70.8578,29.0864,285.15,87,100,100
294,Lakes Entrance,AU,2022-07-10 23:12:32,-37.8811,147.981,281.13,67,100,100
295,Kodino,RU,2022-07-10 23:14:32,63.7198,39.6447,288.4,97,99,99
296,Torbay,CA,2022-07-10 23:11:29,47.6666,-52.7314,290.24,66,0,0
297,Veendam,NL,2022-07-10 23:14:32,53.1067,6.8792,289.38,92,99,99
298,Tocopilla,CL,2022-07-10 23:10:52,-22.092,-70.1979,289.14,73,100,100
299,Faanui,PF,2022-07-10 23:14:33,-16.4833,-151.75,298.85,77,89,89
300,Mayo,US,2022-07-10 23:14:33,38.8876,-76.5119,300.38,66,0,0
301,Takoradi,GH,2022-07-10 23:14:34,4.8845,-1.7554,297.01,85,72,72
302,El Alto,PE,2022-07-10 23:14:34,-4.2714,-81.2147,290.45,78,42,42
303,Bobo Dioulasso,BF,2022-07-10 23:14:35,11.1771,-4.2979,297.29,79,78,78
304,Deputatskiy,RU,2022-07-10 23:14:35,69.3,139.9,289.79,53,100,100
305,Parabel,RU,2022-07-10 23:14:35,58.6978,81.4825,287.06,75,22,22
306,Bechem,GH,2022-07-10 23:14:36,7.0903,-2.025,293.87,99,89,89
307,Itarema,BR,2022-07-10 23:14:36,-2.9248,-39.9167,298.44,84,66,66
308,Helong,CN,2022-07-10 23:14:37,42.5397,128.9972,293.43,87,62,62
309,Polis,CY,2022-07-10 23:14:37,35.0367,32.4264,298.05,91,25,25
310,Kununurra,AU,2022-07-10 23:14:38,-15.7667,128.7333,283.14,81,7,7
311,Dobrinka,RU,2022-07-10 23:14:38,52.1653,40.4731,294.56,53,58,58
312,Atambua,ID,2022-07-10 23:14:39,-9.1061,124.8925,294.74,82,79,79
313,Gat,IL,2022-07-10 23:14:39,31.61,34.7642,298.05,100,11,11
314,Townsville,AU,2022-07-10 23:14:39,-19.25,146.8,287.64,58,0,0
315,Brae,GB,2022-07-10 23:14:40,60.3964,-1.353,285.94,85,100,100
316,Quartucciu,IT,2022-07-10 23:14:40,39.2519,9.1794,296.08,83,0,0
317,Port Hardy,CA,2022-07-10 23:11:26,50.6996,-127.4199,290.02,79,100,100
318,Ostersund,SE,2022-07-10 23:14:41,63.1792,14.6357,282.4,93,95,95
319,Robertson,US,2022-07-10 23:14:41,36.5167,-86.8667,304.4,56,20,20
320,Rolla,US,2022-07-10 23:12:39,37.9514,-91.7713,306.05,42,0,0
321,Mogadishu,SO,2022-07-10 23:14:42,2.0371,45.3438,297.25,83,46,46
322,Mangrol,IN,2022-07-10 23:15:42,21.1167,70.1167,300.74,82,100,100
323,Elat,IL,2022-07-10 23:13:43,29.5581,34.9482,302.06,51,0,0
324,Giyon,ET,2022-07-10 23:15:43,8.5333,37.9833,286.61,98,99,99
325,Sao Joao Da Barra,BR,2022-07-10 23:14:43,-21.6403,-41.0511,295.2,82,26,26
326,Lompoc,US,2022-07-10 23:15:44,34.6391,-120.4579,302.6,76,0,0
327,Esperance,AU,2022-07-10 23:15:44,-33.8667,121.9,285.93,76,78,78
328,Karatsu,JP,2022-07-10 23:15:45,33.4425,129.9697,302.09,77,77,77
329,Qaqortoq,GL,2022-07-10 23:15:45,60.7167,-46.0333,279.86,84,19,19
330,Huanren,CN,2022-07-10 23:15:45,41.2647,125.3667,293.91,91,67,67
331,Eyl,SO,2022-07-10 23:15:46,7.9803,49.8164,299.0,65,67,67
332,Aldan,RU,2022-07-10 23:15:46,58.6031,125.3894,289.15,89,100,100
333,Manggar,ID,2022-07-10 23:15:47,-2.8833,108.2667,300.39,78,92,92
334,Westport,US,2022-07-10 23:15:29,41.1415,-73.3579,300.18,51,0,0
335,Hasaki,JP,2022-07-10 23:15:47,35.7333,140.8333,301.09,82,1,1
336,Clyde River,CA,2022-07-10 23:15:48,70.4692,-68.5914,278.28,87,100,100
337,Portland,US,2022-07-10 23:13:36,45.5234,-122.6762,301.77,48,75,75
338,Ancud,CL,2022-07-10 23:15:48,-41.8697,-73.8203,280.5,88,95,95
339,Fare,PF,2022-07-10 23:15:49,-16.7,-151.0167,298.69,77,45,45
340,Bahia Honda,CU,2022-07-10 23:15:49,22.9036,-83.1592,300.65,80,79,79
341,Bom Jesus,BR,2022-07-10 23:15:50,-9.0744,-44.3586,296.81,49,22,22
342,Inuvik,CA,2022-07-10 23:15:50,68.3499,-133.7218,292.57,72,20,20
343,Jinxiang,CN,2022-07-10 23:15:51,27.4327,120.6062,300.97,86,80,80
344,Tebingtinggi,ID,2022-07-10 23:15:51,3.3285,99.1625,295.63,93,98,98
345,Svetlogorsk,BY,2022-07-10 23:15:52,52.6333,29.7333,285.77,93,83,83
346,Ovalle,CL,2022-07-10 23:15:52,-30.5983,-71.2003,284.29,94,100,100
347,Vila,PT,2022-07-10 23:15:53,42.0304,-8.1588,290.21,67,11,11
348,Ares,BR,2022-07-10 23:15:53,-6.1944,-35.1603,298.2,85,15,15
349,Vila Velha,BR,2022-07-10 23:15:54,-20.3297,-40.2925,295.12,89,75,75
350,Neuquen,AR,2022-07-10 23:15:54,-38.9516,-68.0591,280.09,61,0,0
351,Riyadh,SA,2022-07-10 23:13:20,24.6877,46.7219,304.23,10,100,100
352,Destin,US,2022-07-10 23:11:09,30.3935,-86.4958,304.07,85,0,0
353,Cairns,AU,2022-07-10 23:15:43,-16.9167,145.7667,292.12,55,6,6
354,Zhezkazgan,KZ,2022-07-10 23:15:56,47.8043,67.7144,291.12,72,86,86
355,Leninskoye,KZ,2022-07-10 23:15:56,41.7589,69.3864,293.88,32,0,0
356,Hofn,IS,2022-07-10 23:15:57,64.2539,-15.2082,283.23,95,100,100
357,Mudgee,AU,2022-07-10 23:15:57,-32.5943,149.5871,281.83,81,40,40
358,Northam,GB,2022-07-10 23:15:58,51.0333,-4.2167,290.59,80,4,4
359,Iquique,CL,2022-07-10 23:12:10,-20.2208,-70.1431,289.17,83,80,80
360,Souillac,MU,2022-07-10 23:15:58,-20.5167,57.5167,294.36,64,40,40
361,Pisco,PE,2022-07-10 23:15:59,-13.7,-76.2167,289.27,82,75,75
362,Isangel,VU,2022-07-10 23:15:59,-19.55,169.2667,301.21,78,75,75
363,Mahebourg,MU,2022-07-10 23:16:00,-20.4081,57.7,294.4,64,40,40
364,Sinnamary,GF,2022-07-10 23:16:01,5.3833,-52.95,298.13,87,66,66
365,Yulara,AU,2022-07-10 23:16:01,-25.2406,130.9889,281.09,44,0,0
366,Dinguiraye,GN,2022-07-10 23:16:01,11.3,-10.7167,296.69,87,96,96
367,Trairi,BR,2022-07-10 23:15:36,-3.2778,-39.2689,298.2,84,41,41
368,Meiktila,MM,2022-07-10 23:17:02,20.8667,95.8667,297.36,86,98,98
369,San Patricio,US,2022-07-10 23:17:03,28.017,-97.5169,312.69,41,7,7
370,Pelym,RU,2022-07-10 23:17:03,61.0108,61.9978,291.63,63,39,39
371,Camalu,MX,2022-07-10 23:17:04,30.85,-116.0667,298.08,54,17,17
372,Shalinskoye,RU,2022-07-10 23:17:05,55.7228,93.7594,288.02,92,49,49
373,Balkhash,KZ,2022-07-10 23:17:05,46.844,74.9804,294.35,51,14,14
374,Roald,NO,2022-07-10 23:17:06,62.5833,6.1333,287.13,87,100,100
375,Srandakan,ID,2022-07-10 23:17:06,-7.9386,110.2506,296.07,91,45,45
376,Mwinilunga,ZM,2022-07-10 23:17:07,-11.7358,24.4293,285.95,58,0,0
377,Mulanje,MW,2022-07-10 23:17:07,-16.0316,35.5,289.85,78,63,63
378,Ambon,ID,2022-07-10 23:17:08,-3.6954,128.1814,299.23,89,40,40
379,Domodossola,IT,2022-07-10 23:17:08,46.1165,8.2931,298.16,75,0,0
380,Beipiao,CN,2022-07-10 23:17:08,41.7919,120.7792,295.51,72,1,1
381,Laela,TZ,2022-07-10 23:17:09,-8.5667,32.05,284.34,68,16,16
382,Saint George,US,2022-07-10 23:12:17,37.1041,-113.5841,314.48,11,0,0
383,Luwuk,ID,2022-07-10 23:17:10,-0.9516,122.7875,296.79,90,100,100
384,Plavinas,LV,2022-07-10 23:17:10,56.6178,25.7255,284.0,94,90,90
385,Geraldton,AU,2022-07-10 23:17:11,-28.7667,114.6,280.38,93,14,14
386,Balikpapan,ID,2022-07-10 23:17:11,-1.2675,116.8289,298.7,100,20,20
387,Izberbash,RU,2022-07-10 23:17:12,42.5696,47.8645,297.18,69,1,1
388,Mitu,CO,2022-07-10 23:17:12,1.1983,-70.1733,295.79,98,90,90
389,Opuwo,NA,2022-07-10 23:17:13,-18.0607,13.84,287.22,42,0,0
390,Muisne,EC,2022-07-10 23:17:13,0.6,-80.0333,296.98,80,82,82
391,Panama City,PA,2022-07-10 23:15:53,8.9936,-79.5197,301.12,83,40,40
392,Rabo De Peixe,PT,2022-07-10 23:17:14,37.8,-25.5833,293.3,72,75,75
393,Oktyabrskoye,RU,2022-07-10 23:17:15,43.0645,44.7417,296.23,88,72,72
394,Anshun,CN,2022-07-10 23:17:15,26.25,105.9333,292.44,97,30,30
395,Santa Maria,BR,2022-07-10 23:17:16,-29.6842,-53.8069,294.59,69,100,100
396,Bandar-E Lengeh,IR,2022-07-10 23:17:16,26.5579,54.8807,304.43,74,100,100
397,Linfen,CN,2022-07-10 23:17:17,36.0889,111.5189,298.04,74,76,76
398,Baykit,RU,2022-07-10 23:17:17,61.67,96.37,284.66,76,0,0
399,Paita,PE,2022-07-10 23:17:18,-5.0892,-81.1144,291.02,80,42,42
400,Niquelandia,BR,2022-07-10 23:17:18,-14.4739,-48.4597,294.77,43,2,2
401,Hirara,JP,2022-07-10 23:17:19,24.8,125.2833,303.3,79,20,20
402,Port Blair,IN,2022-07-10 23:17:19,11.6667,92.75,300.17,94,100,100
403,Chuy,UY,2022-07-10 23:17:20,-33.6971,-53.4616,290.86,91,14,14
404,Tuy Hoa,VN,2022-07-10 23:16:54,13.0833,109.3,298.5,82,100,100
405,Miranda,CO,2022-07-10 23:17:20,3.2499,-76.2281,295.22,89,69,69
406,Vao,NC,2022-07-10 23:17:21,-22.6667,167.4833,297.72,82,39,39
407,Bintulu,MY,2022-07-10 23:17:21,3.1667,113.0333,295.38,94,20,20
408,Turtas,RU,2022-07-10 23:17:22,58.9417,69.1325,290.38,96,26,26
409,Dombarovskiy,RU,2022-07-10 23:17:23,50.7587,59.5386,292.59,63,35,35
410,Kieta,PG,2022-07-10 23:17:23,-6.2167,155.6333,301.79,72,94,94
411,Chebsara,RU,2022-07-10 23:17:23,59.2002,38.8356,288.75,98,100,100
412,Hit,IQ,2022-07-10 23:17:24,33.6416,42.8251,304.01,20,0,0
413,Skjervoy,NO,2022-07-10 23:17:24,70.0311,20.9714,285.15,86,68,68
414,Hue,VN,2022-07-10 23:18:25,16.4667,107.6,298.21,100,75,75
415,Salalah,OM,2022-07-10 23:18:25,17.0151,54.0924,297.2,100,100,100
416,Jiayuguan,CN,2022-07-10 23:18:26,39.8167,98.3,294.66,46,45,45
417,Kutum,SD,2022-07-10 23:18:26,14.2,24.6667,301.79,32,99,99
418,Almeirim,BR,2022-07-10 23:18:27,-1.5233,-52.5817,297.35,90,24,24
419,Lukovetskiy,RU,2022-07-10 23:18:27,64.2956,41.9211,288.77,89,99,99
420,Fort Wellington,GY,2022-07-10 23:18:28,6.4,-57.6,298.01,89,18,18
421,Saint-Marc,HT,2022-07-10 23:18:28,19.1082,-72.6938,301.5,73,97,97
422,Nantucket,US,2022-07-10 23:16:39,41.2835,-70.0995,295.18,56,0,0
423,Roebourne,AU,2022-07-10 23:18:29,-20.7833,117.1333,290.32,29,0,0
424,Nigran,ES,2022-07-10 23:18:30,42.1415,-8.8066,289.28,86,75,75
425,Meadow Lake,US,2022-07-10 23:18:30,34.8014,-106.5436,308.87,22,43,43
426,Hobyo,SO,2022-07-10 23:18:30,5.3505,48.5268,297.61,79,100,100
427,Devonport,AU,2022-07-10 23:18:31,-41.1667,146.35,284.83,80,100,100
428,Shimoda,JP,2022-07-10 23:18:31,34.6667,138.95,301.54,79,6,6
429,Pimenta Bueno,BR,2022-07-10 23:18:32,-11.6725,-61.1936,300.08,46,49,49
430,Marzuq,YE,2022-07-10 23:18:32,14.4,46.4667,297.47,41,100,100
431,Namibe,AO,2022-07-10 23:18:33,-15.1961,12.1522,290.55,87,3,3
432,Wismar,DE,2022-07-10 23:16:04,53.9,11.4667,287.15,84,86,86
433,Mpulungu,ZM,2022-07-10 23:18:34,-8.7623,31.1141,293.19,51,6,6
434,Caravelas,BR,2022-07-10 23:18:34,-17.7125,-39.2481,294.2,83,22,22
435,Senanga,ZM,2022-07-10 23:18:35,-16.1167,23.2667,285.97,57,3,3
436,Whyalla,AU,2022-07-10 23:18:35,-33.0333,137.5833,282.4,58,81,81
437,Skelleftea,SE,2022-07-10 23:18:35,64.7507,20.9528,286.48,100,75,75
438,Port Lincoln,AU,2022-07-10 23:18:36,-34.7333,135.8667,284.42,67,98,98
439,Balkanabat,TM,2022-07-10 23:18:36,39.5108,54.3671,304.02,18,0,0
440,Half Moon Bay,US,2022-07-10 23:16:15,37.4636,-122.4286,309.58,64,0,0
441,Camacupa,AO,2022-07-10 23:18:37,-12.0167,17.4833,286.69,40,7,7
442,Arroyo,ES,2022-07-10 23:18:37,41.6096,-4.7969,298.23,41,0,0
443,Ceres,US,2022-07-10 23:18:38,37.5949,-120.9577,312.48,18,0,0
444,Andria,IT,2022-07-10 23:18:39,41.2306,16.2909,294.4,58,0,0
445,Hammerfest,NO,2022-07-10 23:18:39,70.6634,23.6821,286.4,76,0,0
446,Tandil,AR,2022-07-10 23:18:39,-37.3217,-59.1332,284.07,49,100,100
447,Baoying,CN,2022-07-10 23:18:40,33.2292,119.3092,300.86,90,92,92
448,Ostrovnoy,RU,2022-07-10 23:18:40,68.0531,39.5131,285.8,78,34,34
449,Hovd,MN,2022-07-10 23:18:41,48.0056,91.6419,287.73,51,4,4
450,Olga,RU,2022-07-10 23:18:41,43.7444,135.2892,293.67,79,100,100
451,Biak,ID,2022-07-10 23:18:42,-0.9131,122.8766,296.03,89,100,100
452,Coolum Beach,AU,2022-07-10 23:18:42,-26.5333,153.1,289.32,65,3,3
453,Fairbanks,US,2022-07-10 23:15:03,64.8378,-147.7164,297.16,71,20,20
454,Gigmoto,PH,2022-07-10 23:18:43,13.7796,124.39,301.08,82,84,84
455,Homer,US,2022-07-10 23:18:43,59.6425,-151.5483,290.24,71,0,0
456,Talara,PE,2022-07-10 23:18:44,-4.5772,-81.2719,290.85,82,47,47
457,Tual,ID,2022-07-10 23:18:44,-5.6667,132.75,299.89,81,90,90
458,Quelimane,MZ,2022-07-10 23:18:45,-17.8786,36.8883,292.12,94,0,0
459,Amarante Do Maranhao,BR,2022-07-10 23:18:45,-5.5667,-46.7422,300.21,49,56,56
460,Male,MV,2022-07-10 23:18:46,4.1748,73.5089,300.82,78,99,99
461,Sorland,NO,2022-07-10 23:19:46,67.667,12.6934,285.07,89,55,55
462,Bulaevo,KZ,2022-07-10 23:19:47,54.9056,70.4439,291.86,89,69,69
463,Nelson Bay,AU,2022-07-10 23:19:47,-32.7167,152.15,286.54,94,87,87
464,Linjiang,CN,2022-07-10 23:19:47,41.8069,126.9078,293.27,92,72,72
465,Ranong,TH,2022-07-10 23:19:48,9.9658,98.6348,300.11,87,100,100
466,Port Macquarie,AU,2022-07-10 23:19:48,-31.4333,152.9167,286.73,81,80,80
467,Heyang,CN,2022-07-10 23:19:49,26.1011,107.473,295.2,94,66,66
468,Neryungri,RU,2022-07-10 23:19:49,56.6709,124.6491,286.63,97,99,99
469,Krasnokholmskiy,RU,2022-07-10 23:19:50,55.9873,55.0466,289.25,88,12,12
470,Mount Gambier,AU,2022-07-10 23:19:51,-37.8333,140.7667,281.88,62,100,100
471,Portage,US,2022-07-10 23:19:51,41.1667,-81.1998,301.76,43,0,0
472,Akdepe,TM,2022-07-10 23:19:52,42.0551,59.3788,296.2,45,0,0
473,Leshukonskoye,RU,2022-07-10 23:19:52,64.8989,45.7622,288.96,68,95,95
474,Key West,US,2022-07-10 23:19:52,24.5557,-81.7826,307.15,61,20,20
475,Joensuu,FI,2022-07-10 23:19:53,62.6012,29.7632,288.42,100,100,100
476,Ojinaga,MX,2022-07-10 23:19:53,29.5667,-104.4167,305.05,61,40,40
477,Spineni,RO,2022-07-10 23:19:54,44.7,24.5667,287.03,64,58,58
478,Miramar,US,2022-07-10 23:19:54,25.9873,-80.2323,305.38,70,40,40
479,Palmer,US,2022-07-10 23:19:55,42.1584,-72.3287,299.8,40,20,20
480,Raghunathpur,IN,2022-07-10 23:19:55,23.55,86.6667,300.16,82,11,11
481,Upata,VE,2022-07-10 23:19:56,8.0086,-62.3989,295.48,92,100,100
482,Seekonk,US,2022-07-10 23:19:56,41.8084,-71.337,298.41,61,20,20
483,Seoul,KR,2022-07-10 23:19:57,37.5683,126.9778,298.91,73,0,0
484,Kiruna,SE,2022-07-10 23:19:57,67.8557,20.2251,283.66,87,40,40
485,Akyab,MM,2022-07-10 23:19:57,20.15,92.9,299.61,88,94,94
486,Batagay,RU,2022-07-10 23:19:58,67.6333,134.6333,289.51,73,100,100
487,Domoni,KM,2022-07-10 23:19:58,-12.2569,44.5319,296.18,75,6,6
488,Todos Santos,MX,2022-07-10 23:19:59,23.45,-110.2167,298.95,77,20,20
489,Tshikapa,CD,2022-07-10 23:20:00,-6.4167,20.8,294.43,33,1,1
490,Olafsvik,IS,2022-07-10 23:20:00,64.8945,-23.7142,283.55,93,100,100
491,Balakhninskiy,RU,2022-07-10 23:20:01,58.0106,114.2769,286.71,99,100,100
492,Odweyne,SO,2022-07-10 23:20:01,9.4092,45.064,293.25,61,66,66
493,Okoneshnikovo,RU,2022-07-10 23:20:02,54.8377,75.0834,293.48,82,95,95
494,Wasilla,US,2022-07-10 23:20:03,61.5814,-149.4394,293.16,63,75,75
495,Kamenka,RU,2022-07-10 23:20:03,51.3223,42.7678,296.28,47,43,43
496,Saint-Joseph,RE,2022-07-10 23:20:04,-21.3667,55.6167,290.36,77,18,18
497,Bali,ID,2022-07-10 23:20:05,-8.5,115.0,299.69,94,100,100
498,Samana,DO,2022-07-10 23:20:05,19.2056,-69.3369,298.13,85,69,69
499,Ballinasloe,IE,2022-07-10 23:20:06,53.3275,-8.2194,289.47,93,75,75
500,Batticaloa,LK,2022-07-10 23:20:06,7.7102,81.6924,301.92,59,100,100
501,Anadyr,RU,2022-07-10 23:20:07,64.75,177.4833,283.43,93,75,75
502,Yining,CN,2022-07-10 23:20:07,29.0361,114.5636,301.47,82,51,51
503,Biryusinsk,RU,2022-07-10 23:20:08,55.9634,97.8235,288.65,87,93,93
504,Dongsheng,CN,2022-07-10 23:20:09,39.8161,109.9776,294.0,65,100,100
505,Guymon,US,2022-07-10 23:20:09,36.6828,-101.4816,311.15,15,0,0
506,Port Harcourt,NG,2022-07-10 23:18:25,4.7774,7.0134,296.73,88,100,100
507,Kharhial,IN,2022-07-10 23:20:10,20.2833,82.7667,299.0,89,88,88
508,Hambantota,LK,2022-07-10 23:21:10,6.1241,81.1185,299.65,79,100,100
509,Bjornevatn,NO,2022-07-10 23:21:11,69.6672,29.9847,284.34,100,100,100
510,Great Falls,US,2022-07-10 23:21:12,47.5002,-111.3008,296.81,32,100,100
511,Awbari,LY,2022-07-10 23:21:12,26.5921,12.7805,304.5,28,34,34
512,Greenville,US,2022-07-10 23:21:13,35.6127,-77.3663,295.24,98,100,100
513,Kirksville,US,2022-07-10 23:21:13,40.1948,-92.5833,302.12,68,0,0
514,Talakan,RU,2022-07-10 23:21:13,50.3167,130.3667,293.43,83,100,100
515,Sioux Lookout,CA,2022-07-10 23:21:14,50.1001,-91.917,290.19,94,75,75
516,Antsohihy,MG,2022-07-10 23:21:14,-14.8796,47.9875,293.35,69,8,8
517,Waddan,LY,2022-07-10 23:21:15,29.1614,16.139,298.09,57,0,0
518,Kindu,CD,2022-07-10 23:21:15,-2.95,25.95,295.28,45,26,26
519,Kardailovo,RU,2022-07-10 23:21:16,51.5386,53.9042,292.42,65,2,2
520,Caarapo,BR,2022-07-10 23:21:16,-22.6342,-54.8222,296.01,44,56,56
521,Campo Grande,BR,2022-07-10 23:18:23,-20.4428,-54.6464,295.9,53,0,0
522,Doda,IN,2022-07-10 23:21:17,33.1333,75.5667,297.03,90,76,76
523,Hope,US,2022-07-10 23:21:17,33.6671,-93.5916,307.18,41,53,53
524,Kaniama,CD,2022-07-10 23:21:18,-7.5667,24.1833,292.87,37,1,1
525,Mayumba,GA,2022-07-10 23:21:18,-3.432,10.6554,293.56,87,28,28
526,Zhuhai,CN,2022-07-10 23:21:19,22.2769,113.5678,303.63,89,20,20
527,Puerto Del Rosario,ES,2022-07-10 23:21:19,28.5004,-13.8627,300.01,54,2,2
528,Bundaberg,AU,2022-07-10 23:21:20,-24.85,152.35,288.27,63,0,0
529,Flinders,AU,2022-07-10 23:21:21,-34.5833,150.8552,286.51,85,41,41
530,Harnosand,SE,2022-07-10 23:21:21,62.6323,17.9379,287.04,88,21,21
531,Hovin,NO,2022-07-10 23:21:21,63.1055,10.225,281.07,95,56,56
532,Yar-Sale,RU,2022-07-10 23:21:22,66.8333,70.8333,282.46,82,17,17
533,Kosa,RU,2022-07-10 23:21:23,59.9445,54.9977,289.61,94,62,62
534,Zhucheng,CN,2022-07-10 23:21:23,35.9947,119.3975,297.61,91,36,36
535,Rio Cuarto,AR,2022-07-10 23:21:24,-33.1307,-64.3499,284.02,32,75,75
536,Santa Isabel,BR,2022-07-10 23:21:24,-23.3156,-46.2214,291.57,66,54,54
537,Santa Marta,CO,2022-07-10 23:21:24,11.2408,-74.199,301.03,82,96,96
538,Whitianga,NZ,2022-07-10 23:21:25,-36.8333,175.7,287.57,93,100,100
539,Huarmey,PE,2022-07-10 23:21:25,-10.0681,-78.1522,290.77,82,26,26
540,Miles City,US,2022-07-10 23:21:26,46.4083,-105.8406,302.69,30,0,0
541,Boyolangu,ID,2022-07-10 23:21:26,-8.1181,111.8935,296.2,95,51,51
542,Makakilo City,US,2022-07-10 23:21:27,21.3469,-158.0858,303.33,53,20,20
543,Longyearbyen,SJ,2022-07-10 23:21:27,78.2186,15.6401,281.06,71,75,75
544,Martapura,ID,2022-07-10 23:21:28,-3.4167,114.85,297.2,100,20,20
545,Rincon,US,2022-07-10 23:21:28,32.296,-81.2354,300.29,91,100,100
546,Suining,CN,2022-07-10 23:21:29,30.508,105.5733,301.09,77,89,89
547,Pitsunda,GE,2022-07-10 23:21:29,43.1592,40.3378,295.25,85,50,50
548,Kulu,TR,2022-07-10 23:21:29,39.0951,33.0799,289.99,67,5,5
549,Karpathos,GR,2022-07-10 23:21:30,35.507,27.2132,296.13,78,0,0
550,High Prairie,CA,2022-07-10 23:20:05,55.4334,-116.4858,294.48,47,80,80
551,Agadez,NE,2022-07-10 23:21:31,19.75,10.25,304.25,17,11,11
552,Eldorado,BR,2022-07-10 23:21:31,-23.7869,-54.2836,294.35,58,5,5
553,Pangnirtung,CA,2022-07-10 23:21:31,66.1451,-65.7125,283.76,61,92,92
554,Eyrarbakki,IS,2022-07-10 23:21:32,63.863,-21.1481,284.18,96,100,100
555,Karabulak,RU,2022-07-10 23:21:32,43.3036,44.8964,297.7,49,62,62
556,Manuk Mangkaw,PH,2022-07-10 23:22:33,4.8,119.85,301.44,70,99,99
557,Macapa,BR,2022-07-10 23:22:33,0.0389,-51.0664,301.14,89,20,20
558,Fengrun,CN,2022-07-10 23:22:34,39.8333,118.1167,295.79,80,2,2
559,Niono,ML,2022-07-10 23:22:34,14.2526,-5.993,305.16,45,55,55
560,Zinder,NE,2022-07-10 23:22:35,13.8072,8.9881,304.62,39,47,47
561,Skibbereen,IE,2022-07-10 23:22:35,51.55,-9.2667,290.43,92,0,0
562,Bilma,NE,2022-07-10 23:22:36,18.6853,12.9164,306.01,29,78,78
563,Kanniyakumari,IN,2022-07-10 23:22:36,8.0833,77.5667,299.65,77,100,100
564,Sao Miguel Do Araguaia,BR,2022-07-10 23:22:37,-13.275,-50.1628,297.47,35,0,0
565,Saint-Francois,FR,2022-07-10 23:22:37,46.4154,3.9054,287.84,72,0,0
566,Fort Nelson,CA,2022-07-10 23:22:37,58.8053,-122.7002,294.92,46,75,75
567,Nouadhibou,MR,2022-07-10 23:22:38,20.931,-17.0347,294.14,94,100,100
568,Hami,CN,2022-07-10 23:22:38,42.8,93.45,300.32,21,99,99
569,Silleda,ES,2022-07-10 23:22:39,42.696,-8.2465,291.34,69,40,40
570,Serebryanyy Bor,RU,2022-07-10 23:22:39,56.8,124.8,287.03,95,99,99
571,Tabuk,PH,2022-07-10 23:22:39,17.4189,121.4443,298.56,87,9,9
572,Charters Towers,AU,2022-07-10 23:22:40,-20.1,146.2667,284.59,49,0,0
573,Soyo,AO,2022-07-10 23:22:41,-6.1349,12.3689,294.52,89,15,15
574,Haines Junction,CA,2022-07-10 23:22:41,60.7522,-137.5108,294.12,40,99,99
575,Morondava,MG,2022-07-10 23:22:42,-20.2833,44.2833,292.43,65,0,0
576,Sosnovo-Ozerskoye,RU,2022-07-10 23:22:42,52.5249,111.5418,285.52,74,65,65
577,Kemijarvi,FI,2022-07-10 23:22:43,66.7131,27.4306,285.53,92,89,89
578,Tuatapere,NZ,2022-07-10 23:22:43,-46.1333,167.6833,276.8,79,78,78
